Processos,
BR1120190042687,
BR1120190042695,
BR1120190042709,
BR1120190042717,
BR1120190042725,
BR1120190042750,
BR1120190042768,
BR1120190042784,
BR1120190042814,
BR1120190042822,
BR1120190042830,
BR1120190042881,
BR1120190042938,
BR1120190042970,
BR1120190042989,
BR1120190042997,
BR1120190043012,
BR1120190043020,
BR1120190043039,
BR1120190043047,
BR1120190043063,
BR1120190043071,
BR1120190043080,
BR1120190043098,
BR1120190043101,
BR1120190043128,
BR1120190043136,
BR1120190043144,
BR1120190043160,
BR1120190043187,
BR1120190043209,
BR1120190043225,
BR1120190043233,
BR1120190043241,
BR1120190043268,
BR1120190043284,
BR1120190043292,
BR1120190043306,
BR1120190043322,
BR1120190043349,
BR1120190043357,
BR1120190043373,
BR1120190043381,
BR1120190043390,
BR1120190043535,
BR1120190043551,
BR1120190043560,
BR1120190044973,
BR1120190088717,
BR1120190088733,
BR1120190088741,
BR1120190088768,
BR1120190088849,
BR1120190088857,
BR1120190088865,
BR1120190088873,
BR1120190088881,
BR1120190088890,
BR1120190088903,
BR1120190088911,
BR1120190088946,
BR1120190088962,
BR1120190088970,
BR1120190088989,
BR1120190088997,
BR1120190089004,
BR1120190089012,
BR1120190089039,
BR1120190089047,
BR1120190089055,
BR1120190089063,
BR1120190089098,
BR1120190089101,
BR1120190089110,
BR1120190089128,
BR1120190089136,
BR1120190089144,
BR1120190089152,
BR1120190089160,
BR1120190089179,
BR1120190089187,
BR1120190089195,
BR1120190089225,
BR1120190089233,
BR1120190089241,
BR1120190089250,
BR1120190089268,
BR1120190089306,
BR1120190089314,
BR1120190089322,
BR1120190089330,
BR1120190089349,
BR1120190089373,
BR1120190089381,
BR1120190089390,
BR1120190089403,
BR1120190089420,
BR1120190089454,
BR1120190089462,
BR1120190089489,
BR1120190089500,
BR1120190089519,
BR1120190089527,
BR1120190089535,
BR1120190089543,
BR1120190089551,
BR1120190089560,
BR1120190089578,
BR1120190089586,
BR1120190089594,
BR1120190089608,
BR1120190089632,
BR1120190089640,
BR1120190089659,
BR1120190089667,
BR1120190089691,
BR1120190089721,
BR1120190089730,
BR1120190089748,
BR1120190089756,
BR1120190089772,
BR1120190089799,
BR1120190089829,
BR1120190089837,
BR1120190089845,
BR1120190089861,
BR1120190089888,
BR1120190089896,
BR1120190089900,
BR1120190089934,
BR1120190089942,
BR1120190089969,
BR1120190089985,
BR1120190090002,
BR1120190090010,
BR1120190090037,
BR1120190090045,
BR1120190090053,
BR1120190090126,
BR1120190090134,
BR1120190090150,
BR1120190090169,
BR1120190090185,
BR1120190090193,
BR1120190090223,
BR1120190090266,
BR1120190090282,
BR1120190090290,
BR1120190090304,
BR1120190090320,
BR1120190090339,
BR1120190090347,
BR1120190090355,
BR1120190090363,
BR1120190090380,
BR1120190090398,
BR1120190090401,
BR1120190090410,
BR1120190090444,
BR1120190090452,
BR1120190090460,
BR1120190090479,
BR1120190090509,
BR1120190090525,
BR1120190090533,
BR1120190090550,
BR1120190090568,
BR1120190090584,
BR1120190090606,
BR1120190090614,
BR1120190090622,
BR1120190090649,
BR1120190090657,
BR1120190090665,
BR1120190090673,
BR1120190090681,
BR1120190090703,
BR1120190090746,
BR1120190090754,
BR1120190090762,
BR1120190090770,
BR1120190090789,
BR1120190090797,
BR1120190090800,
BR1120190090827,
BR1120190090835,
BR1120190090843,
BR1120190090886,
BR1120190090894,
BR1120190090908,
BR1120190090959,
BR1120190090967,
BR1120190090983,
BR1120190090991,
BR1120190091009,
BR1120190091033,
BR1120190091068,
BR1120190091076,
BR1120190091084,
BR1120190091106,
BR1120190091114,
BR1120190091130,
BR1120190091165,
BR1120190091173,
BR1120190091190,
BR1120190091238,
BR1120190091270,
BR1120190091289,
BR1120190091297,
BR1120190091319,
BR1120190091327,
BR1120190091335,
BR1120190091343,
BR1120190091351,
BR1120190091360,
BR1120190091378,
BR1120190091386,
BR1120190091513,
BR1120190091521,
BR1120190091564,
BR1120190091599,
BR1120190091610,
BR1120190091661,
BR1120190091696,
BR1120190091700,
BR1120190091726,
BR1120190091750,
BR1120190091785,
BR1120190091807,
BR1120190091815,
BR1120190091823,
BR1120190091831,
BR1120190091840,
BR1120190091858,
BR1120190091912,
BR1120190091920,
BR1120190091939,
BR1120190091955,
BR1120190091963,
BR1120190091971,
BR1120190091980,
BR1120190091998,
BR1120190092013,
BR1120190092030,
BR1120190092102,
BR1120190092153,
BR1120190092161,
BR1120190092188,
BR1120190092196,
BR1120190092200,
BR1120190092218,
BR1120190092250,
BR1120190092269,
BR1120190092285,
BR1120190092331,
BR1120190092374,
BR1120190092382,
BR1120190092455,
BR1120190092463,
BR1120190092471,
BR1120190092480,
BR1120190092501,
BR1120190092510,
BR1120190092528,
BR1120190092536,
BR1120190092544,
BR1120190092560,
BR1120190092579,
BR1120190092587,
BR1120190092595,
BR1120190092625,
BR1120190092633,
BR1120190092641,
BR1120190092650,
BR1120190092684,
BR1120190092692,
BR1120190092706,
BR1120190092714,
BR1120190092722,
BR1120190092730,
BR1120190092749,
BR1120190092757,
BR1120190092781,
BR1120190092803,
BR1120190092820,
BR1120190092838,
BR1120190092846,
BR1120190092854,
BR1120190092870,
BR1120190092889,
BR1120190092897,
BR1120190092919,
BR1120190092927,
BR1120190092935,
BR1120190092943,
BR1120190092951,
BR1120190092960,
BR1120190092978,
BR1120190092994,
BR1120190093010,
BR1120190093028,
BR1120190093036,
BR1120190093060,
BR1120190093079,
BR1120190093087,
BR1120190093109,
BR1120190093117,
BR1120190093125,
BR1120190093141,
BR1120190093150,
BR1120190093168,
BR1120190093176,
BR1120190093184,
BR1120190093214,
BR1120190093222,
BR1120190093249,
BR1120190093281,
BR1120190093303,
BR1120190093311,
BR1120190093427,
BR2120190091268,
BR1020170228932,
BR1020170229033,
BR1020170229041,
BR1020170229068,
BR1020180689223,
BR1220150172527,
BR1320170124087,
BR1320170201731,
BR1320170211540,
BR1320170212075,
BR1320170217956,
BR2020130063709,
BR2020170229497,
